Date/Time,Word Count,en,zh-Hans,zh-Hans-CN
2025.12.19-16.09.17,0,0,0,0
2025.12.19-16.09.47,192,192,0,0
2025.12.19-16.15.25,192,192,0,190
2025.12.19-16.16.14,192,192,0,192
2025.12.19-16.23.26,192,192,192,0
2025.12.22-14.41.09,196,196,192,0
2025.12.22-14.41.54,196,196,196,0
2025.12.25-15.32.48,197,197,196,0
2025.12.25-15.37.25,197,197,197,0
2026.01.21-16.04.37,220,220,197,0
2026.01.21-16.06.04,220,220,220,0
2026.01.22-11.15.52,230,230,220,0
2026.01.22-11.17.02,230,230,229,0
2026.01.22-11.18.48,233,233,229,0
2026.01.22-11.19.12,233,233,233,0
